﻿Designator,Footprint,Quantity,Value,LCSC Part #
J1,TerminalBlock_Xinya_XY308-2.54-8P_1x08_P2.54mm_Horizontal,1,Screw_Terminal_Caution,
"J2, J3",TerminalBlock_Xinya_XY308-2.54-8P_1x08_P2.54mm_Horizontal,2,Screw_Terminal_Good,
J4,TerminalBlock_Xinya_XY308-2.54-8P_1x08_P2.54mm_Horizontal,1,Screw_Terminal Avoid!,
J5,TerminalBlock_Xinya_XY308-2.54-8P_1x08_P2.54mm_Horizontal,1,Screw_Terminal 3.3V,
J6,TerminalBlock_Xinya_XY308-2.54-8P_1x08_P2.54mm_Horizontal,1,Screw_Terminal 5V,
J7,TerminalBlock_Xinya_XY308-2.54-8P_1x08_P2.54mm_Horizontal,1,Screw_Terminal GND,
J8,TerminalBlock_Xinya_XY308-2.54-8P_1x08_P2.54mm_Horizontal,1,Screw_Terminal_ExternalPullup,
"R1, R2, R3, R4",0805,4,R 10K,
U1,esp32-wemos-d1-mini,1,esp32-wemos-d1-mini,
