﻿Designator,Footprint,Quantity,Value,LCSC Part #
C1,0805,1,C 100uf,
J1,TerminalBlock_Xinya_XY308-2.54-8P_1x08_P2.54mm_Horizontal,1,Screw_Terminal_01x08 A4-A7,
J2,PinHeader_1x04_P2.54mm_Horizontal,1,Output,
J3,TerminalBlock_Xinya_XY308-2.54-8P_1x08_P2.54mm_Horizontal,1,Screw_Terminal_01x08 A0-A3,
J4,TerminalBlock_Xinya_XY308-2.54-8P_1x08_P2.54mm_Horizontal,1,Screw_Terminal_01x08 B0-B3,
J5,TerminalBlock_Xinya_XY308-2.54-8P_1x08_P2.54mm_Horizontal,1,Screw_Terminal_01x08 B4-B7,
J6,PinHeader_1x03_P2.54mm_Vertical,1,Conn_01x03_Pin,
J7,PinHeader_1x04_P2.54mm_Horizontal,1,Input,
"R1, R2, R3, R4, R5, R6",0805,6,10K,
U1,DIP-28_W7.62mm,1,MCP23017_SP,
